"26","Royal Farrell","jamey69@example.org","2019-10-06 03:47:09","2019-10-06 03:47:11","2019-10-06 03:47:11"
"27","Aurelia Hamill","schmidt.fredy@example.com","2019-10-06 03:47:09","2019-10-06 03:47:11","2019-10-06 03:47:11"
"28","Mr. Peter Nicolas","swalker@example.org","2019-10-06 03:47:09","2019-10-06 03:47:11","2019-10-06 03:47:11"
"29","Mr. Tyrique Hyatt II","quentin84@example.org","2019-10-06 03:47:09","2019-10-06 03:47:11","2019-10-06 03:47:11"
"30","Verda Prosacco","devon.hill@example.com","2019-10-06 03:47:09","2019-10-06 03:47:11","2019-10-06 03:47:11"
"31","Shirley Simonis","eleonore59@example.org","2019-10-06 03:47:09","2019-10-06 03:47:11","2019-10-06 03:47:11"
"32","Coby Gutmann","watsica.randal@example.net","2019-10-06 03:47:09","2019-10-06 03:47:11","2019-10-06 03:47:11"
"33","Ms. Fay Kuhic","whagenes@example.org","2019-10-06 03:47:09","2019-10-06 03:47:11","2019-10-06 03:47:11"
"34","Prof. Demario Okuneva","lennie.wolff@example.com","2019-10-06 03:47:09","2019-10-06 03:47:11","2019-10-06 03:47:11"
"35","Dr. Allen McLaughlin","olittel@example.net","2019-10-06 03:47:09","2019-10-06 03:47:11","2019-10-06 03:47:11"
"36","Bonnie Hudson","rmurazik@example.org","2019-10-06 03:47:09","2019-10-06 03:47:11","2019-10-06 03:47:11"
"37","Mrs. Mabelle Roberts V","xnitzsche@example.org","2019-10-06 03:47:09","2019-10-06 03:47:11","2019-10-06 03:47:11"
"38","Isabella Nikolaus II","everette.lehner@example.org","2019-10-06 03:47:09","2019-10-06 03:47:12","2019-10-06 03:47:12"
"39","Sam Koelpin","donnie69@example.org","2019-10-06 03:47:09","2019-10-06 03:47:12","2019-10-06 03:47:12"
"40","Dr. Dwight Konopelski","randal.halvorson@example.net","2019-10-06 03:47:09","2019-10-06 03:47:12","2019-10-06 03:47:12"
"41","Merlin VonRueden","bechtelar.tania@example.com","2019-10-06 03:47:09","2019-10-06 03:47:12","2019-10-06 03:47:12"
"42","Damien Hill","vconsidine@example.com","2019-10-06 03:47:09","2019-10-06 03:47:12","2019-10-06 03:47:12"
"43","Maria Oberbrunner MD","white.blanche@example.net","2019-10-06 03:47:09","2019-10-06 03:47:12","2019-10-06 03:47:12"
"44","Rachael Metz","hal.reichert@example.com","2019-10-06 03:47:09","2019-10-06 03:47:12","2019-10-06 03:47:12"
"45","Lonny Schumm","kulas.crawford@example.com","2019-10-06 03:47:09","2019-10-06 03:47:12","2019-10-06 03:47:12"
"46","Miss Ellen Gerlach","estel.crona@example.com","2019-10-06 03:47:09","2019-10-06 03:47:12","2019-10-06 03:47:12"
"47","Gregory Olson MD","omacejkovic@example.com","2019-10-06 03:47:09","2019-10-06 03:47:12","2019-10-06 03:47:12"
"48","Prof. Joesph Anderson Sr.","uhirthe@example.net","2019-10-06 03:47:09","2019-10-06 03:47:12","2019-10-06 03:47:12"
"49","Reece Boyle","kristy.hand@example.com","2019-10-06 03:47:09","2019-10-06 03:47:12","2019-10-06 03:47:12"
"50","Pascale Feest","arthur.dooley@example.net","2019-10-06 03:47:09","2019-10-06 03:47:12","2019-10-06 03:47:12"
"51","Jerel Leannon IV","dawn85@example.net","2019-10-06 03:47:09","2019-10-06 03:47:12","2019-10-06 03:47:12"
